{"stats":{"minecraft:mined":{"minecraft:scaffolding":7,"minecraft:red_bed":1,"biomesoplenty:wildflower":3,"biomesoplenty:desert_grass":6,"minecraft:ladder":1,"minecraft:emerald_ore":13,"minecraft:grass_block":157,"minecraft:tall_grass":3,"minecraft:cobblestone":2,"minecraft:spruce_leaves":1,"supplementaries:urn":2,"minecraft:spruce_log":1,"biomesoplenty:hanging_cobweb":2,"minecraft:grass":20,"create:orange_seat":1,"minecraft:vine":2,"minecraft:rail":1,"minecraft:iron_bars":2,"minecraft:dirt":73,"minecraft:black_candle":1,"minecraft:cracked_stone_bricks":1,"minecraft:stone_bricks":1,"minecraft:stone":1,"regions_unexplored:windswept_grass":2,"pots_and_mimics:treasure_pot":1,"minecraft:oak_leaves":1,"minecraft:pink_terracotta":2,"paraglider:goddess_statue":1},"minecraft:killed":{"born_in_chaos_v1:spirit_guide_assistant":1,"minecraft:zombie":1,"alexsmobs:terrapin":1},"minecraft:crafted":{"minecraft:spruce_planks":2,"minecraft:iron_axe":1,"tombstone:grave_key":1,"minecraft:stick":6},"minecraft:used":{"farmersdelight:iron_knife":7,"minecraft:iron_shovel":169,"minecraft:ladder":1,"minecraft:torch":7,"paraglider:goddess_statue":1,"minecraft:dirt":216,"minecraft:red_bed":1,"minecraft:bread":15,"minecraft:iron_pickaxe":77,"minecraft:quartz_block":2,"tombstone:grave_key":1,"minecraft:cobblestone":1,"minecraft:black_candle":4},"minecraft:dropped":{"minecraft:pink_terracotta":2,"alexsmobs:maggot":5,"minecraft:wheat_seeds":1,"minecraft:stone":2,"tombstone:magic_scroll":2,"tombstone:grave_key":1,"minecraft:egg":4},"minecraft:killed_by":{"minecraft:zombie":1},"minecraft:picked_up":{"born_in_chaos_v1:corpse_maggot":15,"minecraft:ladder":1,"born_in_chaos_v1:monster_flesh":2,"paraglider:goddess_statue":1,"minecraft:dirt":223,"minecraft:red_bed":1,"create:orange_seat":1,"born_in_chaos_v1:monster_skin":1,"minecraft:bone":9,"minecraft:acacia_planks":8,"minecraft:cracked_stone_bricks":1,"minecraft:wheat_seeds":9,"minecraft:tnt_minecart":1,"biomesoplenty:wildflower":4,"minecraft:egg":4,"minecraft:raw_iron":2,"minecraft:black_candle":4,"minecraft:stone":2,"minecraft:torch":5,"minecraft:spruce_log":1,"minecraft:pink_terracotta":2,"minecraft:quartz_block":2,"minecraft:arrow":2,"minecraft:rotten_flesh":4,"minecraft:angler_pottery_sherd":1,"tombstone:essence_of_undeath":1,"minecraft:emerald":12,"alexsmobs:maggot":5,"tombstone:magic_scroll":3,"minecraft:rail":2,"minecraft:cobblestone":8,"minecraft:ender_pearl":1},"minecraft:custom":{"enigmaticlegacy:play_time_with_seven_curses":0,"lootr:looted_stat":44,"minecraft:mob_kills":4,"enigmaticlegacy:play_time_without_seven_curses":94025,"minecraft:interact_with_crafting_table":4,"minecraft:time_since_death":2292,"minecraft:climb_one_cm":7101,"minecraft:time_since_rest":2254,"minecraft:waystone_activated":1,"minecraft:sprint_one_cm":90064,"minecraft:damage_taken":4205,"minecraft:walk_one_cm":374492,"minecraft:drop":9,"minecraft:damage_dealt":634,"minecraft:swim_one_cm":7828,"minecraft:talked_to_villager":5,"minecraft:fly_one_cm":100252,"minecraft:open_chest":7,"minecraft:crouch_one_cm":697,"minecraft:play_time":94511,"tombstone:undead_killed":2,"minecraft:deaths":9,"minecraft:sneak_time":238,"minecraft:walk_under_water_one_cm":10656,"minecraft:jump":804,"minecraft:interact_with_blast_furnace":2,"minecraft:walk_on_water_one_cm":5487,"minecraft:total_world_time":94511,"minecraft:interact_with_smoker":1,"minecraft:fall_one_cm":23344}},"DataVersion":3465}