{"stats":{"minecraft:broken":{"minecraft:iron_chestplate":1,"minecraft:iron_leggings":1,"minecraft:leather_boots":2,"minecraft:iron_sword":1,"minecraft:iron_helmet":1},"minecraft:killed":{"minecraft:spider":1,"alexsmobs:rattlesnake":1,"born_in_chaos_v1:baby_skeleton_minion":1,"minecraft:skeleton":3,"minecraft:silverfish":3,"alexsmobs:centipede_head":1,"born_in_chaos_v1:diamond_termite":3,"born_in_chaos_v1:spirit_guide_assistant":1,"born_in_chaos_v1:decrepit_skeleton":2,"minecraft:zombie":10,"born_in_chaos_v1:dread_hound":2,"alexsmobs:terrapin":1,"born_in_chaos_v1:corpse_fly":1},"minecraft:picked_up":{"supplementaries:candle_holder_cyan":84,"born_in_chaos_v1:diamond_termite_shard":1,"minecraft:iron_chestplate":1,"minecraft:ladder":1,"regions_unexplored:silt_dirt":3,"enigmaticlegacy:enigmatic_eye":1,"minecraft:shield":2,"minecraft:explorer_pottery_sherd":1,"minecraft:string":1,"paraglider:goddess_statue":1,"minecraft:red_bed":1,"minecraft:raw_copper":1,"minecraft:iron_axe":1,"create:orange_seat":1,"minecraft:iron_leggings":1,"supplementaries:statue":1,"minecraft:iron_shovel":1,"minecraft:zombie_head":1,"regions_unexplored:duskmelon_slice":1,"minecraft:cracked_stone_bricks":1,"minecraft:gold_nugget":22,"minecraft:tnt_minecart":1,"minecraft:candle":5,"minecraft:cobbled_deepslate":126,"born_in_chaos_v1:gnawed_bones":1,"minecraft:iron_nugget":22,"minecraft:iron_pickaxe":1,"biomesoplenty:wildflower":4,"irons_spellbooks:inscription_table":1,"minecraft:iron_boots":1,"minecraft:egg":4,"minecraft:sheaf_pottery_sherd":1,"minecraft:raw_iron":23,"minecraft:stone":2,"regions_unexplored:ash_vent":8,"minecraft:oak_fence":1,"minecraft:torch":133,"minecraft:spruce_stairs":1,"minecraft:spruce_fence":1,"sophisticatedbackpacks:backpack":1,"tombstone:grave_dust":3,"born_in_chaos_v1:pieceofdarkmetal":3,"alexsmobs:centipede_leg":2,"minecraft:pink_terracotta":2,"regions_unexplored:argillite":4,"gobber2:gobber2_foo":1,"minecraft:quartz_block":2,"minecraft:arrow":7,"minecraft:rotten_flesh":21,"artifacts:villager_hat":1,"supplementaries:antique_ink":5,"tombstone:essence_of_undeath":1,"sophisticatedbackpacks:copper_backpack":1,"supplementaries:ash":30,"minecraft:rail":2,"minecraft:cobblestone":61,"born_in_chaos_v1:corpse_maggot":27,"minecraft:cooked_beef":64,"born_in_chaos_v1:monster_flesh":3,"minecraft:glow_ink_sac":2,"gobber2:gobber2_gooey_beefstew":1,"minecraft:stripped_spruce_wood":1,"minecraft:oak_log":1,"minecraft:chainmail_chestplate":1,"supplementaries:flax_seeds":3,"minecraft:danger_pottery_sherd":1,"minecraft:gunpowder":2,"minecraft:dirt":223,"minecraft:lantern":2,"born_in_chaos_v1:monster_skin":2,"minecraft:leather_boots":1,"minecraft:bone":41,"minecraft:acacia_planks":10,"minecraft:apple":1,"minecraft:wheat_seeds":10,"minecraft:iron_sword":1,"gobber2:gobber2_gooey_bread":3,"minecraft:black_candle":4,"enigmaticlegacy:enigmatic_amulet":1,"create:polished_cut_deepslate_stairs":1,"minecraft:amethyst_shard":10,"minecraft:loom":1,"minecraft:spruce_log":1,"minecraft:red_terracotta":2,"quark:polished_deepslate_vertical_slab":1,"minecraft:brewer_pottery_sherd":1,"minecraft:diamond":9,"minecraft:angler_pottery_sherd":1,"minecraft:iron_helmet":1,"alexsmobs:rattlesnake_rattle":1,"minecraft:crossbow":2,"minecraft:emerald":21,"alexsmobs:maggot":5,"tombstone:magic_scroll":3,"gobber2:gobber2_goo":2,"minecraft:ender_pearl":1},"minecraft:dropped":{"minecraft:wheat_seeds":1,"minecraft:glow_ink_sac":3,"minecraft:cobblestone":1,"tombstone:magic_scroll":2,"tombstone:grave_key":1,"tombstone:grave_dust":2,"minecraft:acacia_planks":1,"minecraft:pink_terracotta":2,"alexsmobs:maggot":5,"minecraft:cobbled_deepslate":5,"minecraft:rotten_flesh":11,"minecraft:iron_boots":1,"minecraft:chainmail_chestplate":1,"supplementaries:flax_seeds":1,"minecraft:stone":2,"minecraft:gunpowder":2,"born_in_chaos_v1:corpse_maggot":9,"minecraft:egg":4},"minecraft:custom":{"minecraft:interact_with_smithing_table":1,"enigmaticlegacy:play_time_with_seven_curses":0,"lootr:looted_stat":98,"minecraft:mob_kills":32,"minecraft:interact_with_crafting_table":4,"minecraft:open_barrel":3,"minecraft:damage_dealt_resisted":14,"minecraft:time_since_death":10453,"minecraft:climb_one_cm":10074,"minecraft:sprint_one_cm":223263,"minecraft:walk_one_cm":864097,"minecraft:drop":26,"minecraft:talked_to_villager":6,"minecraft:play_time":213945,"minecraft:deaths":35,"minecraft:sneak_time":1501,"minecraft:walk_under_water_one_cm":31128,"minecraft:jump":2370,"minecraft:interact_with_blast_furnace":2,"minecraft:total_world_time":213945,"minecraft:walk_on_water_one_cm":40959,"enigmaticlegacy:play_time_without_seven_curses":210377,"minecraft:interact_with_loom":1,"minecraft:sleep_in_bed":1,"minecraft:time_since_rest":10249,"minecraft:waystone_activated":2,"minecraft:damage_taken":14791,"minecraft:damage_dealt":5685,"minecraft:swim_one_cm":23857,"minecraft:fly_one_cm":283109,"minecraft:open_chest":7,"minecraft:crouch_one_cm":6967,"tombstone:undead_killed":17,"minecraft:interact_with_smoker":3,"minecraft:horse_one_cm":3766,"minecraft:fall_one_cm":61971},"minecraft:killed_by":{"minecraft:skeleton":3,"minecraft:zombie":7},"minecraft:crafted":{"minecraft:iron_axe":1,"tombstone:grave_key":1,"minecraft:spruce_planks":2,"minecraft:stick":6},"minecraft:used":{"minecraft:iron_shovel":169,"minecraft:ladder":1,"gobber2:gobber2_gooey_bread":3,"minecraft:iron_sword":243,"minecraft:rotten_flesh":1,"minecraft:iron_chestplate":1,"minecraft:torch":51,"paraglider:goddess_statue":1,"minecraft:dirt":216,"regions_unexplored:argillite":4,"minecraft:iron_axe":109,"minecraft:quartz_block":2,"minecraft:iron_helmet":1,"minecraft:iron_boots":1,"tombstone:gift":2,"minecraft:acacia_planks":1,"minecraft:cooked_beef":22,"minecraft:cobbled_deepslate":122,"minecraft:iron_leggings":1,"create:polished_cut_deepslate_stairs":1,"farmersdelight:iron_knife":7,"minecraft:leather_boots":1,"minecraft:red_bed":1,"alexscaves:cave_book":1,"minecraft:apple":1,"gobber2:gobber2_gooey_beefstew":1,"minecraft:bread":15,"minecraft:iron_pickaxe":263,"minecraft:red_terracotta":2,"tombstone:grave_key":7,"minecraft:cobblestone":54,"minecraft:black_candle":4,"minecraft:chest_minecart":1},"minecraft:mined":{"minecraft:yellow_terracotta":1,"minecraft:deepslate_diamond_ore":6,"minecraft:candle":2,"biomesoplenty:desert_grass":6,"born_in_chaos_v1:infected_diamond_ore":2,"minecraft:decorated_pot":1,"minecraft:ladder":1,"minecraft:spruce_fence":1,"minecraft:grass_block":157,"minecraft:spruce_leaves":1,"regions_unexplored:argillite":4,"minecraft:cobbled_deepslate":8,"biomesoplenty:hanging_cobweb":6,"create:orange_seat":1,"minecraft:vine":5,"minecraft:deepslate_iron_ore":21,"minecraft:rail":1,"minecraft:iron_bars":2,"minecraft:lantern":3,"minecraft:black_candle":1,"regions_unexplored:ash_vent":9,"irons_spellbooks:inscription_table":1,"regions_unexplored:silt_grass_block":1,"regions_unexplored:bladed_grass":1,"minecraft:stone":57,"regions_unexplored:windswept_grass":2,"minecraft:pink_terracotta":2,"minecraft:scaffolding":7,"supplementaries:statue":2,"minecraft:red_bed":1,"biomesoplenty:wildflower":3,"minecraft:oak_fence":1,"born_in_chaos_v1:infected_deepslate_diamond_ore":1,"regions_unexplored:bladed_tall_grass":1,"create:polished_cut_deepslate":2,"minecraft:emerald_ore":13,"regions_unexplored:silt_dirt":2,"minecraft:tall_grass":3,"minecraft:cobblestone":3,"minecraft:wall_torch":1,"supplementaries:candle_holder_cyan":24,"supplementaries:urn":32,"minecraft:spruce_stairs":1,"minecraft:red_terracotta":2,"minecraft:stripped_spruce_wood":1,"regions_unexplored:redstone_bud":1,"minecraft:spruce_log":1,"gobber2:gobber2_lucky_block_deepslate":5,"minecraft:grass":26,"minecraft:acacia_fence":4,"minecraft:loom":1,"minecraft:dirt":73,"minecraft:cracked_stone_bricks":1,"minecraft:acacia_planks":2,"minecraft:stone_bricks":1,"pots_and_mimics:treasure_pot":7,"minecraft:oak_leaves":4,"minecraft:deepslate":9,"paraglider:goddess_statue":1}},"DataVersion":3465}