{"stats":{"minecraft:custom":{"minecraft:jump":5,"minecraft:time_since_rest":3309,"enigmaticlegacy:play_time_with_seven_curses":0,"minecraft:leave_game":1,"minecraft:play_time":3309,"minecraft:time_since_death":3309,"minecraft:walk_one_cm":7340,"enigmaticlegacy:play_time_without_seven_curses":3309,"minecraft:total_world_time":3309},"minecraft:picked_up":{"minecraft:sand":2,"minecraft:moss_block":2,"minecraft:dirt":3},"minecraft:mined":{"minecraft:grass":3,"minecraft:grass_block":2,"minecraft:moss_block":2,"minecraft:oak_leaves":1,"minecraft:sand":2,"minecraft:dirt":1}},"DataVersion":3465}