{"stats":{"minecraft:custom":{"minecraft:jump":1,"minecraft:time_since_rest":3960,"minecraft:crouch_one_cm":101,"minecraft:leave_game":2,"minecraft:play_time":3960,"minecraft:time_since_death":3960,"minecraft:walk_one_cm":1009,"minecraft:sneak_time":83,"minecraft:total_world_time":3960,"minecraft:fly_one_cm":11977,"minecraft:drop":1},"minecraft:used":{"minecraft:redstone_torch":2,"mega_tnt_mod:infinite_tnt_rain":1,"mega_tnt_mod:tunnelltnt":1,"minecraft:tnt":41},"minecraft:mined":{"minecraft:grass_block":2,"minecraft:fern":1},"minecraft:dropped":{"minecraft:spruce_log":1},"minecraft:picked_up":{"minecraft:redstone_torch":1,"minecraft:wheat_seeds":1,"minecraft:dirt":2}},"DataVersion":3465}