{"stats":{"minecraft:custom":{"minecraft:jump":6,"minecraft:time_since_rest":3950,"enigmaticlegacy:play_time_with_seven_curses":0,"minecraft:sprint_one_cm":276,"minecraft:leave_game":2,"minecraft:play_time":3950,"minecraft:time_since_death":3950,"minecraft:walk_one_cm":9941,"enigmaticlegacy:play_time_without_seven_curses":3950,"minecraft:total_world_time":3950},"minecraft:mined":{"minecraft:grass":4,"minecraft:grass_block":5,"minecraft:moss_block":2,"minecraft:oak_leaves":1,"minecraft:sand":2,"minecraft:dirt":1},"minecraft:picked_up":{"minecraft:sand":2,"minecraft:moss_block":2,"minecraft:dirt":5}},"DataVersion":3465}