{"stats":{"minecraft:mined":{"minecraft:grass_block":2,"minecraft:fern":1},"minecraft:dropped":{"minecraft:spruce_log":1},"minecraft:picked_up":{"minecraft:redstone_torch":1,"minecraft:wheat_seeds":1,"minecraft:dirt":2},"minecraft:used":{"minecraft:redstone_torch":1,"minecraft:tnt":41},"minecraft:custom":{"minecraft:jump":1,"minecraft:time_since_rest":1976,"minecraft:leave_game":1,"minecraft:crouch_one_cm":27,"minecraft:play_time":1976,"minecraft:time_since_death":1976,"minecraft:walk_one_cm":844,"minecraft:sneak_time":25,"minecraft:total_world_time":1976,"minecraft:drop":1,"minecraft:fly_one_cm":2871}},"DataVersion":3465}