{"stats":{"minecraft:used":{"arphex:spider_widow_spawn_egg":1},"minecraft:custom":{"minecraft:time_since_rest":1,"enigmaticlegacy:play_time_with_seven_curses":0,"minecraft:damage_taken":346,"minecraft:leave_game":2,"minecraft:play_time":7248,"minecraft:sprint_one_cm":1619,"minecraft:time_since_death":454,"minecraft:walk_one_cm":10898,"minecraft:deaths":1,"minecraft:total_world_time":7248,"minecraft:sneak_time":3,"enigmaticlegacy:play_time_without_seven_curses":7197,"minecraft:fall_one_cm":476,"minecraft:drop":1,"minecraft:fly_one_cm":8756,"minecraft:jump":40},"minecraft:dropped":{"minecraft:grass_block":1},"minecraft:picked_up":{"minecraft:grass_block":1,"minecraft:dirt":1},"minecraft:killed_by":{"arphex:spider_widow":1},"minecraft:mined":{"minecraft:grass":1,"minecraft:grass_block":3}},"DataVersion":3465}