{"stats":{"minecraft:dropped":{"minecraft:oak_leaves":1},"minecraft:custom":{"minecraft:jump":40,"minecraft:time_since_rest":172987,"enigmaticlegacy:play_time_with_seven_curses":0,"minecraft:damage_dealt":10,"minecraft:crouch_one_cm":26,"minecraft:leave_game":1,"minecraft:sprint_one_cm":2092,"minecraft:play_time":172987,"minecraft:damage_taken":20,"minecraft:time_since_death":172987,"minecraft:walk_one_cm":4426,"minecraft:sneak_time":291,"enigmaticlegacy:play_time_without_seven_curses":172987,"minecraft:total_world_time":172987,"minecraft:fall_one_cm":822,"minecraft:drop":1,"minecraft:fly_one_cm":347158}},"DataVersion":3465}