{"stats":{"minecraft:mined":{"minecraft:deepslate_tiles":1,"alexscaves:spelunkery_table":1,"minecraft:tuff":13,"minecraft:deepslate_diamond_ore":1,"biomesoplenty:desert_grass":6,"quark:polished_deepslate_vertical_slab":1,"minecraft:grass_block":13,"born_in_chaos_v1:dark_metal_deposit":1,"minecraft:decorated_pot":1,"gobber2:gobber2_lucky_block":2,"minecraft:spruce_leaves":3,"minecraft:spawner":2,"minecraft:raw_iron_block":4,"minecraft:iron_ore":48,"minecraft:fire":3,"quark:stick_block":5,"create:polished_cut_deepslate_stairs":1,"minecraft:bookshelf":24,"minecraft:deepslate_iron_ore":65,"minecraft:stripped_acacia_log":5,"minecraft:stone":318,"create:veridium":3,"minecraft:deepslate_redstone_ore":1,"create:cut_deepslate_bricks":2,"minecraft:acacia_leaves":1,"minecraft:red_bed":4,"biomesoplenty:wildflower":5,"minecraft:crafting_table":2,"minecraft:torch":2,"minecraft:blast_furnace":4,"minecraft:copper_ore":1,"minecraft:tall_grass":2,"miniutilities:ender_ore":18,"minecraft:cobblestone":2,"minecraft:honeycomb_block":6,"minecraft:sugar_cane":4,"create:cut_tuff_bricks":2,"minecraft:wall_torch":5,"supplementaries:urn":9,"minecraft:spruce_log":8,"minecraft:tnt":3,"gobber2:gobber2_lucky_block_deepslate":2,"minecraft:grass":12,"minecraft:oak_log":7,"minecraft:coal_ore":74,"minecraft:gravel":5,"minecraft:dirt":12,"minecraft:acacia_planks":3,"minecraft:mossy_stone_bricks":1,"pots_and_mimics:treasure_pot":7,"minecraft:oak_leaves":1,"minecraft:deepslate":272,"paraglider:goddess_statue":1},"minecraft:broken":{"minecraft:iron_boots":1,"minecraft:iron_pickaxe":3,"minecraft:iron_helmet":1},"minecraft:killed":{"minecraft:cave_spider":1,"irons_spellbooks:summoned_zombie":4,"minecraft:witch":1,"born_in_chaos_v1:restless_spirit":1,"pots_and_mimics:pot_crab":1,"born_in_chaos_v1:zombie_bruiser":1,"born_in_chaos_v1:maggot":13,"minecraft:skeleton":9,"creeperoverhaul:cave_creeper":1,"born_in_chaos_v1:spirit_guide":1,"minecraft:pig":1,"born_in_chaos_v1:diamond_termite":1,"born_in_chaos_v1:baby_skeleton":1,"born_in_chaos_v1:swarmer":1,"born_in_chaos_v1:spirit_guide_assistant":2,"irons_spellbooks:necromancer":1,"minecraft:creeper":1,"minecraft:zombie":19,"born_in_chaos_v1:dread_hound":4,"born_in_chaos_v1:corpse_fly":12,"alexsmobs:gazelle":1,"born_in_chaos_v1:dark_vortex":1,"cave_dweller:cave_dweller":1,"born_in_chaos_v1:door_knight":1,"minecraft:player":2,"minecraft:cow":3},"minecraft:crafted":{"minecraft:oak_planks":7,"minecraft:raw_iron":4,"minecraft:iron_axe":1,"minecraft:stone_pickaxe":1,"quark:spruce_chest":2,"minecraft:wheat":3,"minecraft:crafting_table":2,"minecraft:spruce_planks":11,"minecraft:wooden_pickaxe":1,"minecraft:bread":12,"minecraft:air":388,"minecraft:iron_chestplate":1,"minecraft:stick":13,"minecraft:iron_ingot":3,"minecraft:iron_pickaxe":2,"minecraft:acacia_planks":1,"minecraft:torch":51},"minecraft:used":{"create:veridium":1,"minecraft:stone":64,"minecraft:iron_sword":256,"minecraft:torch":171,"paraglider:goddess_statue":1,"minecraft:dirt":10,"quark:spruce_chest":2,"minecraft:iron_axe":101,"supplementaries:bomb_blue":1,"minecraft:goat_horn":1,"tombstone:gift":1,"minecraft:cooked_beef":35,"minecraft:cobbled_deepslate":71,"minecraft:acacia_planks":21,"minecraft:water_bucket":2,"minecraft:stripped_acacia_log":4,"minecraft:stone_pickaxe":129,"minecraft:wooden_pickaxe":4,"minecraft:crafting_table":3,"minecraft:red_bed":3,"minecraft:blast_furnace":1,"minecraft:bread":29,"minecraft:iron_pickaxe":733,"tombstone:grave_key":17,"minecraft:diamond_sword":12,"minecraft:cobblestone":30,"minecraft:bucket":1,"alexsmobs:animal_dictionary":1},"minecraft:dropped":{"minecraft:iron_sword":1,"minecraft:cooked_beef":64,"minecraft:glow_ink_sac":2,"minecraft:glass_bottle":2,"minecraft:ender_pearl":1,"minecraft:diamond":1,"minecraft:iron_helmet":1,"minecraft:cobblestone":1,"enigmaticlegacy:enigmatic_eye":1,"minecraft:cobweb":10,"minecraft:torch":64,"tombstone:grave_dust":3,"minecraft:iron_leggings":1,"minecraft:gold_nugget":19,"minecraft:iron_axe":1,"minecraft:iron_pickaxe":1,"minecraft:angler_pottery_sherd":2,"minecraft:iron_shovel":1,"minecraft:acacia_planks":1,"minecraft:redstone":5,"minecraft:pink_terracotta":4,"minecraft:tuff":2,"tombstone:gift":1,"artifacts:villager_hat":1,"minecraft:rotten_flesh":17,"minecraft:iron_boots":1,"sophisticatedbackpacks:backpack":1,"supplementaries:ash":16,"farmersdelight:flint_knife":1,"create:veridium":2,"minecraft:gunpowder":1,"minecraft:iron_chestplate":1,"born_in_chaos_v1:corpse_maggot":1,"born_in_chaos_v1:diamond_termite_shard":4,"minecraft:stripped_acacia_log":1,"minecraft:bow":1,"minecraft:wooden_pickaxe":1,"enigmaticlegacy:enigmatic_amulet":1,"minecraft:oak_leaves":1},"minecraft:killed_by":{"minecraft:skeleton":6,"cave_dweller:cave_dweller":1},"minecraft:custom":{"enigmaticlegacy:play_time_with_seven_curses":0,"lootr:looted_stat":38,"minecraft:mob_kills":85,"minecraft:interact_with_crafting_table":15,"minecraft:open_barrel":4,"minecraft:damage_dealt_resisted":172,"minecraft:leave_game":3,"minecraft:time_since_death":0,"minecraft:climb_one_cm":6078,"minecraft:sprint_one_cm":260997,"minecraft:walk_one_cm":431295,"minecraft:drop":46,"minecraft:talked_to_villager":1,"minecraft:play_time":340032,"minecraft:deaths":21,"minecraft:sneak_time":4145,"minecraft:walk_under_water_one_cm":10323,"minecraft:jump":2627,"minecraft:interact_with_blast_furnace":2,"minecraft:walk_on_water_one_cm":7450,"minecraft:total_world_time":340032,"tombstone:raider_killed":1,"enigmaticlegacy:play_time_without_seven_curses":339439,"minecraft:interact_with_loom":1,"minecraft:sleep_in_bed":4,"minecraft:time_since_rest":0,"minecraft:damage_taken":10670,"minecraft:damage_dealt":14388,"minecraft:swim_one_cm":13840,"minecraft:fly_one_cm":832045,"minecraft:open_chest":18,"minecraft:crouch_one_cm":5235,"tombstone:undead_killed":40,"minecraft:interact_with_smoker":1,"minecraft:fall_one_cm":77807},"minecraft:picked_up":{"irons_spellbooks:scroll":1,"minecraft:crafting_table":2,"born_in_chaos_v1:diamond_termite_shard":3,"minecraft:chainmail_boots":1,"paraglider:goddess_statue":1,"minecraft:red_bed":4,"minecraft:raw_copper":3,"minecraft:gold_nugget":19,"minecraft:cobbled_deepslate":154,"minecraft:beef":9,"biomesoplenty:wildflower":5,"minecraft:sugar_cane":9,"minecraft:raw_iron":107,"minecraft:torch":333,"minecraft:honeycomb_block":6,"tombstone:grave_dust":7,"born_in_chaos_v1:pieceofdarkmetal":3,"minecraft:redstone":5,"minecraft:pink_terracotta":4,"minecraft:tnt":3,"minecraft:arrow":10,"minecraft:rotten_flesh":26,"alexscaves:spelunkery_table":1,"alexsmobs:emu_egg":2,"create:veridium":3,"tombstone:essence_of_undeath":1,"supplementaries:ash":22,"minecraft:cobblestone":117,"born_in_chaos_v1:fused_bone":2,"born_in_chaos_v1:corpse_maggot":6,"born_in_chaos_v1:monster_flesh":1,"minecraft:glow_ink_sac":2,"minecraft:leather":3,"minecraft:potato":1,"paraglider:spirit_orb":4,"minecraft:tuff":12,"minecraft:oak_log":7,"supplementaries:flax_seeds":4,"minecraft:gunpowder":4,"minecraft:dirt":27,"minecraft:name_tag":1,"born_in_chaos_v1:monster_skin":1,"minecraft:bone":24,"minecraft:acacia_planks":8,"minecraft:bow":2,"minecraft:raw_gold":16,"minecraft:stone_pickaxe":1,"minecraft:cobweb":10,"minecraft:blade_pottery_sherd":1,"miniutilities:ender_dust":66,"minecraft:mossy_stone_bricks":1,"minecraft:glass_bottle":2,"minecraft:book":72,"quark:stick_block":5,"born_in_chaos_v1:ethereal_spirit":2,"minecraft:raw_iron_block":4,"born_in_chaos_v1:dark_rod":2,"minecraft:amethyst_shard":9,"minecraft:blast_furnace":4,"minecraft:spruce_log":10,"minecraft:stripped_acacia_log":6,"minecraft:diamond":2,"minecraft:angler_pottery_sherd":2,"minecraft:chainmail_leggings":1,"minecraft:painting":2,"minecraft:emerald":2,"alexsmobs:maggot":8,"minecraft:coal":93}},"DataVersion":3465}