{"stats":{"minecraft:mined":{"minecraft:acacia_leaves":1,"minecraft:red_bed":4,"biomesoplenty:wildflower":5,"biomesoplenty:desert_grass":6,"minecraft:crafting_table":2,"minecraft:blast_furnace":2,"minecraft:grass_block":13,"minecraft:decorated_pot":1,"miniutilities:ender_ore":1,"minecraft:tall_grass":2,"minecraft:cobblestone":2,"minecraft:spruce_leaves":3,"minecraft:sugar_cane":4,"minecraft:wall_torch":1,"supplementaries:urn":1,"minecraft:iron_ore":37,"minecraft:fire":3,"quark:stick_block":5,"minecraft:spruce_log":8,"minecraft:grass":12,"minecraft:bookshelf":24,"minecraft:oak_log":7,"minecraft:coal_ore":67,"minecraft:dirt":7,"minecraft:stripped_acacia_log":5,"minecraft:acacia_planks":3,"minecraft:stone":42,"minecraft:mossy_stone_bricks":1,"minecraft:oak_leaves":1,"paraglider:goddess_statue":1},"minecraft:killed":{"born_in_chaos_v1:spirit_guide":1,"minecraft:pig":1,"irons_spellbooks:summoned_zombie":4,"minecraft:witch":1,"born_in_chaos_v1:baby_skeleton":1,"born_in_chaos_v1:swarmer":1,"born_in_chaos_v1:spirit_guide_assistant":2,"irons_spellbooks:necromancer":1,"born_in_chaos_v1:maggot":9,"minecraft:skeleton":3,"minecraft:zombie":4,"born_in_chaos_v1:dread_hound":3,"born_in_chaos_v1:corpse_fly":7,"alexsmobs:gazelle":1,"creeperoverhaul:cave_creeper":1,"minecraft:player":2,"cave_dweller:cave_dweller":1,"born_in_chaos_v1:door_knight":1,"minecraft:cow":3},"minecraft:crafted":{"minecraft:oak_planks":7,"minecraft:crafting_table":2,"minecraft:spruce_planks":11,"minecraft:wooden_pickaxe":1,"minecraft:bread":12,"minecraft:air":352,"minecraft:iron_chestplate":1,"minecraft:iron_axe":1,"minecraft:stick":13,"minecraft:iron_ingot":3,"minecraft:iron_pickaxe":2,"minecraft:stone_pickaxe":1,"minecraft:acacia_planks":1,"quark:spruce_chest":2,"minecraft:torch":51,"minecraft:wheat":3},"minecraft:used":{"minecraft:water_bucket":2,"minecraft:stripped_acacia_log":4,"minecraft:stone_pickaxe":129,"minecraft:wooden_pickaxe":4,"minecraft:iron_sword":83,"minecraft:torch":125,"paraglider:goddess_statue":1,"minecraft:dirt":10,"minecraft:crafting_table":3,"minecraft:red_bed":3,"minecraft:blast_furnace":1,"quark:spruce_chest":2,"minecraft:iron_axe":101,"minecraft:bread":29,"minecraft:iron_pickaxe":23,"supplementaries:bomb_blue":1,"minecraft:cobblestone":28,"minecraft:goat_horn":1,"minecraft:bucket":1,"tombstone:gift":1,"alexsmobs:animal_dictionary":1,"minecraft:cooked_beef":8,"minecraft:acacia_planks":3},"minecraft:dropped":{"minecraft:pink_terracotta":4,"minecraft:glass_bottle":2,"minecraft:ender_pearl":1,"minecraft:rotten_flesh":6,"farmersdelight:flint_knife":1,"tombstone:grave_dust":1,"minecraft:stripped_acacia_log":1,"minecraft:angler_pottery_sherd":2,"minecraft:wooden_pickaxe":1,"minecraft:acacia_planks":1,"minecraft:oak_leaves":1},"minecraft:killed_by":{"minecraft:skeleton":1},"minecraft:custom":{"enigmaticlegacy:play_time_with_seven_curses":0,"lootr:looted_stat":29,"minecraft:mob_kills":45,"tombstone:raider_killed":1,"enigmaticlegacy:play_time_without_seven_curses":249056,"minecraft:interact_with_crafting_table":15,"minecraft:open_barrel":2,"minecraft:damage_dealt_resisted":172,"minecraft:leave_game":1,"minecraft:time_since_death":2850,"minecraft:sleep_in_bed":3,"minecraft:climb_one_cm":5572,"minecraft:time_since_rest":451,"minecraft:sprint_one_cm":160303,"minecraft:damage_taken":3245,"minecraft:walk_one_cm":213775,"minecraft:drop":13,"minecraft:damage_dealt":6366,"minecraft:swim_one_cm":7814,"minecraft:talked_to_villager":1,"minecraft:fly_one_cm":622566,"minecraft:open_chest":17,"minecraft:crouch_one_cm":1943,"minecraft:play_time":249135,"tombstone:undead_killed":18,"minecraft:deaths":3,"minecraft:sneak_time":1914,"minecraft:walk_under_water_one_cm":5369,"minecraft:jump":1348,"minecraft:interact_with_blast_furnace":2,"minecraft:walk_on_water_one_cm":2550,"minecraft:total_world_time":249135,"minecraft:interact_with_smoker":1,"minecraft:fall_one_cm":43410},"minecraft:picked_up":{"born_in_chaos_v1:fused_bone":2,"irons_spellbooks:scroll":1,"born_in_chaos_v1:corpse_maggot":3,"minecraft:crafting_table":2,"born_in_chaos_v1:monster_flesh":1,"minecraft:leather":3,"minecraft:potato":1,"minecraft:oak_log":7,"paraglider:goddess_statue":1,"minecraft:dirt":21,"minecraft:red_bed":4,"born_in_chaos_v1:monster_skin":1,"minecraft:bone":12,"minecraft:acacia_planks":8,"minecraft:beef":9,"minecraft:blade_pottery_sherd":1,"miniutilities:ender_dust":5,"minecraft:mossy_stone_bricks":1,"minecraft:glass_bottle":2,"biomesoplenty:wildflower":5,"minecraft:sugar_cane":9,"minecraft:book":72,"quark:stick_block":5,"minecraft:raw_iron":34,"minecraft:blast_furnace":2,"tombstone:grave_dust":5,"born_in_chaos_v1:pieceofdarkmetal":2,"minecraft:spruce_log":10,"minecraft:pink_terracotta":4,"minecraft:stripped_acacia_log":6,"minecraft:arrow":3,"minecraft:rotten_flesh":16,"minecraft:chainmail_leggings":1,"minecraft:angler_pottery_sherd":2,"minecraft:emerald":2,"minecraft:painting":2,"alexsmobs:emu_egg":2,"tombstone:essence_of_undeath":1,"alexsmobs:maggot":8,"minecraft:coal":67,"minecraft:cobblestone":37}},"DataVersion":3465}